user_id,signup_date,country,plan_type
1,2024-04-12,Canada,Standard
2,2024-06-28,USA,Free
3,2024-04-02,Germany,Free
4,2024-01-15,Germany,Free
5,2024-04-16,India,Free
6,2024-03-12,USA,Standard
7,2024-01-21,Germany,Free
8,2024-04-12,Canada,Free
9,2024-05-01,India,Standard
10,2024-03-15,UK,Standard
11,2024-03-28,UK,Standard
12,2024-04-26,UK,Free
13,2024-04-09,UK,Free
14,2024-04-13,UK,Free
15,2024-05-31,India,Free
16,2024-05-10,India,Standard
17,2024-05-29,Canada,Standard
18,2024-02-22,Germany,Standard
19,2024-01-02,India,Standard
20,2024-03-28,USA,Free
21,2024-06-06,Canada,Standard
22,2024-02-07,USA,Free
23,2024-05-09,Canada,Free
24,2024-01-21,UK,Free
25,2024-06-09,Canada,Free
26,2024-02-27,USA,Free
27,2024-01-22,USA,Premium
28,2024-03-29,USA,Free
29,2024-02-18,USA,Free
30,2024-02-28,USA,Free
31,2024-06-18,USA,Standard
32,2024-01-15,India,Free
33,2024-06-23,India,Standard
34,2024-02-20,USA,Free
35,2024-04-17,USA,Standard
36,2024-02-24,India,Free
37,2024-03-04,Canada,Standard
38,2024-05-10,Canada,Standard
39,2024-02-20,India,Free
40,2024-05-14,UK,Free
41,2024-01-21,USA,Free
42,2024-03-13,Canada,Free
43,2024-06-15,USA,Free
44,2024-01-18,Germany,Standard
45,2024-05-11,UK,Free
46,2024-03-29,Canada,Free
47,2024-02-29,UK,Free
48,2024-01-14,India,Free
49,2024-01-09,India,Premium
50,2024-03-30,Canada,Free
51,2024-02-22,USA,Standard
52,2024-05-09,UK,Standard
53,2024-03-24,India,Standard
54,2024-04-01,USA,Premium
55,2024-04-20,USA,Free
56,2024-06-20,USA,Premium
57,2024-01-08,Canada,Free
58,2024-06-23,USA,Free
59,2024-02-04,USA,Standard
60,2024-03-21,USA,Premium
61,2024-06-12,USA,Standard
62,2024-02-19,UK,Free
63,2024-04-13,India,Free
64,2024-05-11,USA,Premium
65,2024-01-02,USA,Free
66,2024-05-13,Canada,Standard
67,2024-02-23,USA,Standard
68,2024-04-15,UK,Free
69,2024-01-04,Germany,Free
70,2024-02-23,India,Free
71,2024-05-25,India,Free
72,2024-02-13,USA,Premium
73,2024-06-10,India,Free
74,2024-01-14,Canada,Premium
75,2024-04-04,Germany,Free
76,2024-02-17,India,Premium
77,2024-01-15,India,Free
78,2024-02-09,India,Free
79,2024-03-22,Canada,Free
80,2024-04-20,USA,Standard
81,2024-02-22,India,Standard
82,2024-01-24,Germany,Standard
83,2024-06-02,UK,Free
84,2024-05-03,India,Free
85,2024-02-10,Canada,Free
86,2024-06-05,UK,Free
87,2024-01-15,USA,Free
88,2024-02-14,India,Premium
89,2024-03-05,India,Premium
90,2024-03-29,India,Premium
91,2024-03-11,UK,Standard
92,2024-01-09,Germany,Free
93,2024-03-28,India,Free
94,2024-05-08,India,Free
95,2024-05-15,India,Standard
96,2024-03-03,India,Free
97,2024-05-18,UK,Free
98,2024-03-21,India,Free
99,2024-05-15,India,Free
100,2024-06-11,India,Premium
101,2024-06-11,Canada,Standard
102,2024-02-02,USA,Free
103,2024-05-02,Canada,Premium
104,2024-01-05,India,Standard
105,2024-02-10,UK,Free
106,2024-01-28,Canada,Free
107,2024-05-14,India,Free
108,2024-03-12,USA,Free
109,2024-01-12,UK,Premium
110,2024-06-10,Germany,Free
111,2024-02-02,USA,Premium
112,2024-02-17,USA,Free
113,2024-05-30,Germany,Free
114,2024-03-02,USA,Free
115,2024-02-06,India,Free
116,2024-04-08,Germany,Free
117,2024-06-20,India,Premium
118,2024-04-13,USA,Free
119,2024-02-04,India,Standard
120,2024-04-10,India,Free
121,2024-06-23,India,Free
122,2024-05-10,UK,Free
123,2024-01-01,India,Free
124,2024-01-05,India,Free
125,2024-05-21,India,Free
126,2024-04-12,USA,Free
127,2024-01-27,Germany,Free
128,2024-05-16,USA,Free
129,2024-01-15,USA,Free
130,2024-03-30,UK,Premium
131,2024-02-11,USA,Standard
132,2024-05-03,India,Free
133,2024-06-27,India,Free
134,2024-03-03,India,Premium
135,2024-04-05,USA,Standard
136,2024-02-21,USA,Free
137,2024-04-05,UK,Premium
138,2024-05-11,India,Free
139,2024-05-30,USA,Free
140,2024-05-22,Canada,Standard
141,2024-06-19,USA,Free
142,2024-01-29,UK,Premium
143,2024-02-05,USA,Standard
144,2024-01-13,India,Free
145,2024-06-08,Canada,Free
146,2024-03-11,USA,Free
147,2024-03-26,USA,Free
148,2024-01-28,USA,Standard
149,2024-03-06,USA,Free
150,2024-06-18,UK,Free
151,2024-02-14,India,Standard
152,2024-03-02,India,Free
153,2024-05-13,India,Standard
154,2024-01-28,UK,Free
155,2024-01-28,India,Premium
156,2024-04-17,UK,Free
157,2024-02-13,USA,Free
158,2024-03-24,UK,Free
159,2024-01-30,Germany,Free
160,2024-03-15,UK,Standard
161,2024-05-07,UK,Standard
162,2024-04-01,USA,Standard
163,2024-05-08,USA,Free
164,2024-04-30,India,Free
165,2024-01-27,India,Free
166,2024-04-30,USA,Free
167,2024-04-25,USA,Premium
168,2024-01-03,India,Free
169,2024-04-12,USA,Free
170,2024-06-03,UK,Free
171,2024-05-16,USA,Standard
172,2024-03-02,Canada,Standard
173,2024-06-13,UK,Premium
174,2024-02-20,Germany,Free
175,2024-06-20,Canada,Free
176,2024-05-31,UK,Premium
177,2024-02-28,Germany,Standard
178,2024-04-27,Germany,Free
179,2024-06-08,India,Standard
180,2024-04-05,USA,Standard
181,2024-06-28,India,Standard
182,2024-04-22,India,Standard
183,2024-03-02,Canada,Free
184,2024-02-21,Canada,Free
185,2024-01-12,UK,Free
186,2024-02-08,India,Standard
187,2024-05-09,UK,Standard
188,2024-05-10,Canada,Standard
189,2024-04-22,Canada,Free
190,2024-04-10,Germany,Standard
191,2024-04-22,Canada,Standard
192,2024-03-21,India,Standard
193,2024-04-22,UK,Standard
194,2024-01-02,USA,Standard
195,2024-05-09,India,Free
196,2024-02-23,UK,Free
197,2024-03-27,India,Free
198,2024-05-08,UK,Free
199,2024-05-26,USA,Standard
200,2024-05-05,UK,Standard
201,2024-05-09,India,Free
202,2024-02-22,Germany,Free
203,2024-06-20,UK,Standard
204,2024-06-08,India,Free
205,2024-06-08,USA,Free
206,2024-03-08,Germany,Free
207,2024-05-02,USA,Free
208,2024-05-24,India,Free
209,2024-02-07,USA,Free
210,2024-01-24,USA,Free
211,2024-03-09,Canada,Premium
212,2024-04-25,Canada,Free
213,2024-04-07,USA,Standard
214,2024-05-18,India,Free
215,2024-05-23,Canada,Free
216,2024-04-06,USA,Standard
217,2024-05-03,India,Free
218,2024-03-10,Germany,Free
219,2024-04-02,Canada,Free
220,2024-01-03,Canada,Standard
221,2024-05-27,UK,Free
222,2024-06-12,USA,Free
223,2024-05-26,UK,Standard
224,2024-03-30,USA,Free
225,2024-05-26,India,Standard
226,2024-05-27,USA,Standard
227,2024-04-05,USA,Premium
228,2024-02-21,Canada,Free
229,2024-06-09,India,Standard
230,2024-06-16,India,Free
231,2024-05-07,India,Free
232,2024-02-08,India,Free
233,2024-03-22,Canada,Standard
234,2024-04-13,India,Free
235,2024-05-08,Canada,Free
236,2024-01-11,USA,Free
237,2024-06-26,USA,Standard
238,2024-05-30,UK,Standard
239,2024-06-07,USA,Standard
240,2024-02-11,UK,Free
241,2024-04-08,USA,Free
242,2024-01-07,USA,Standard
243,2024-05-23,Germany,Free
244,2024-03-30,India,Free
245,2024-04-21,India,Standard
246,2024-02-29,UK,Premium
247,2024-04-22,India,Standard
248,2024-01-02,UK,Standard
249,2024-05-08,USA,Premium
250,2024-02-17,Germany,Free
251,2024-05-19,Canada,Free
252,2024-02-06,Canada,Premium
253,2024-06-08,Germany,Free
254,2024-01-09,USA,Standard
255,2024-04-08,Germany,Free
256,2024-05-26,India,Free
257,2024-02-17,USA,Standard
258,2024-05-10,India,Premium
259,2024-05-27,USA,Standard
260,2024-05-31,India,Free
261,2024-02-23,UK,Premium
262,2024-04-29,UK,Free
263,2024-06-09,Germany,Free
264,2024-05-31,India,Free
265,2024-04-25,Canada,Free
266,2024-03-15,USA,Free
267,2024-04-22,India,Premium
268,2024-06-12,USA,Standard
269,2024-06-14,USA,Standard
270,2024-04-13,Canada,Free
271,2024-03-24,USA,Premium
272,2024-04-21,USA,Premium
273,2024-04-08,India,Standard
274,2024-06-01,India,Free
275,2024-04-02,India,Free
276,2024-05-25,Germany,Free
277,2024-05-07,India,Free
278,2024-04-19,India,Free
279,2024-03-22,India,Premium
280,2024-02-23,UK,Free
281,2024-06-11,Germany,Free
282,2024-06-17,UK,Free
283,2024-06-09,Canada,Free
284,2024-03-08,USA,Free
285,2024-02-02,India,Free
286,2024-05-21,Germany,Free
287,2024-01-21,UK,Standard
288,2024-02-17,Canada,Premium
289,2024-05-27,UK,Free
290,2024-05-07,Canada,Free
291,2024-05-15,Canada,Standard
292,2024-05-14,Germany,Free
293,2024-05-24,Germany,Free
294,2024-05-07,Canada,Premium
295,2024-02-02,Canada,Free
296,2024-06-24,India,Standard
297,2024-04-24,Canada,Free
298,2024-04-28,India,Free
299,2024-01-22,USA,Free
300,2024-06-06,Germany,Standard
301,2024-02-07,USA,Free
302,2024-04-18,USA,Free
303,2024-02-20,India,Standard
304,2024-06-30,India,Free
305,2024-01-08,Canada,Free
306,2024-01-27,India,Premium
307,2024-01-27,India,Free
308,2024-01-21,USA,Standard
309,2024-01-30,UK,Standard
310,2024-04-06,Canada,Standard
311,2024-01-28,India,Free
312,2024-04-20,USA,Premium
313,2024-03-01,USA,Free
314,2024-02-17,Canada,Standard
315,2024-05-26,Canada,Free
316,2024-01-04,USA,Free
317,2024-02-04,USA,Free
318,2024-02-18,USA,Premium
319,2024-01-17,UK,Premium
320,2024-06-20,USA,Free
321,2024-06-06,USA,Free
322,2024-02-15,USA,Standard
323,2024-04-26,USA,Free
324,2024-01-06,UK,Free
325,2024-04-08,USA,Standard
326,2024-05-03,Canada,Free
327,2024-02-06,Canada,Premium
328,2024-01-24,USA,Free
329,2024-04-02,USA,Free
330,2024-02-15,UK,Free
331,2024-06-29,USA,Standard
332,2024-04-04,USA,Free
333,2024-04-08,Germany,Standard
334,2024-04-25,India,Free
335,2024-06-08,India,Standard
336,2024-06-09,USA,Free
337,2024-03-07,Germany,Free
338,2024-05-07,India,Standard
339,2024-01-18,India,Free
340,2024-01-25,India,Free
341,2024-02-23,India,Premium
342,2024-02-27,India,Free
343,2024-03-07,USA,Standard
344,2024-04-13,USA,Free
345,2024-06-22,India,Standard
346,2024-01-24,USA,Free
347,2024-04-23,India,Free
348,2024-02-01,India,Premium
349,2024-06-23,USA,Standard
350,2024-03-26,Canada,Free
351,2024-05-30,India,Free
352,2024-05-06,USA,Premium
353,2024-06-03,India,Free
354,2024-05-09,UK,Standard
355,2024-01-17,Canada,Standard
356,2024-04-13,USA,Free
357,2024-06-09,India,Free
358,2024-05-16,Germany,Standard
359,2024-02-12,India,Free
360,2024-06-24,India,Free
361,2024-02-08,USA,Premium
362,2024-06-18,India,Free
363,2024-01-26,Germany,Standard
364,2024-04-08,UK,Free
365,2024-02-19,India,Free
366,2024-06-01,USA,Free
367,2024-05-31,Germany,Free
368,2024-01-13,UK,Free
369,2024-02-29,Canada,Free
370,2024-05-14,Germany,Standard
371,2024-02-26,Germany,Free
372,2024-02-05,Canada,Free
373,2024-06-21,India,Free
374,2024-01-20,USA,Free
375,2024-03-05,UK,Free
376,2024-01-08,India,Free
377,2024-05-23,UK,Free
378,2024-05-21,India,Free
379,2024-04-24,India,Free
380,2024-05-22,USA,Standard
381,2024-04-01,India,Free
382,2024-04-07,Germany,Free
383,2024-03-06,UK,Standard
384,2024-02-01,UK,Free
385,2024-03-26,Canada,Premium
386,2024-02-20,India,Free
387,2024-06-01,USA,Free
388,2024-03-03,USA,Free
389,2024-05-04,USA,Free
390,2024-05-29,India,Standard
391,2024-02-27,USA,Free
392,2024-02-27,USA,Premium
393,2024-03-26,Germany,Free
394,2024-02-18,UK,Free
395,2024-06-28,USA,Free
396,2024-06-18,Canada,Free
397,2024-03-10,Canada,Free
398,2024-01-15,India,Standard
399,2024-02-23,UK,Standard
400,2024-04-10,UK,Free
401,2024-01-08,USA,Standard
402,2024-02-22,USA,Premium
403,2024-02-29,India,Premium
404,2024-04-17,USA,Free
405,2024-01-05,India,Standard
406,2024-04-12,UK,Free
407,2024-01-06,India,Premium
408,2024-04-18,India,Free
409,2024-04-25,Germany,Free
410,2024-04-03,Canada,Standard
411,2024-02-16,India,Free
412,2024-04-08,India,Premium
413,2024-02-24,India,Premium
414,2024-06-16,Canada,Standard
415,2024-02-21,India,Free
416,2024-05-23,USA,Standard
417,2024-01-13,Germany,Free
418,2024-04-23,India,Free
419,2024-05-03,UK,Standard
420,2024-04-15,Germany,Free
421,2024-06-06,India,Free
422,2024-05-26,UK,Premium
423,2024-05-24,USA,Free
424,2024-04-29,Germany,Free
425,2024-03-03,USA,Premium
426,2024-01-19,Canada,Free
427,2024-04-01,USA,Standard
428,2024-02-27,UK,Premium
429,2024-03-30,Canada,Premium
430,2024-04-26,USA,Standard
431,2024-03-02,UK,Free
432,2024-01-23,India,Free
433,2024-05-06,India,Standard
434,2024-05-16,India,Premium
435,2024-05-19,India,Free
436,2024-05-08,India,Free
437,2024-02-27,Germany,Free
438,2024-05-01,India,Free
439,2024-01-01,Canada,Standard
440,2024-02-03,India,Free
441,2024-04-05,UK,Premium
442,2024-05-05,Germany,Standard
443,2024-04-27,USA,Free
444,2024-02-17,UK,Standard
445,2024-03-29,India,Free
446,2024-04-26,UK,Free
447,2024-05-08,India,Standard
448,2024-01-16,Germany,Standard
449,2024-03-09,India,Standard
450,2024-01-22,USA,Free
451,2024-04-02,UK,Free
452,2024-03-16,India,Standard
453,2024-06-02,India,Free
454,2024-05-23,India,Free
455,2024-06-27,India,Free
456,2024-03-26,USA,Standard
457,2024-01-29,India,Free
458,2024-03-09,USA,Standard
459,2024-02-16,India,Premium
460,2024-04-03,UK,Free
461,2024-05-23,India,Free
462,2024-06-24,India,Free
463,2024-03-25,India,Premium
464,2024-02-08,USA,Free
465,2024-04-09,UK,Free
466,2024-02-02,USA,Free
467,2024-04-10,India,Standard
468,2024-01-23,UK,Free
469,2024-01-10,UK,Standard
470,2024-03-09,India,Premium
471,2024-04-09,UK,Free
472,2024-02-03,Germany,Standard
473,2024-06-28,India,Free
474,2024-05-17,UK,Premium
475,2024-05-26,Canada,Standard
476,2024-04-05,USA,Premium
477,2024-01-01,India,Free
478,2024-03-09,India,Free
479,2024-01-04,UK,Free
480,2024-01-16,Germany,Free
481,2024-01-24,Canada,Free
482,2024-03-20,USA,Free
483,2024-01-02,Canada,Free
484,2024-05-07,USA,Free
485,2024-06-08,USA,Standard
486,2024-03-24,India,Free
487,2024-05-31,UK,Free
488,2024-05-19,USA,Free
489,2024-06-26,UK,Free
490,2024-06-11,India,Premium
491,2024-05-03,India,Free
492,2024-02-02,India,Standard
493,2024-06-09,USA,Premium
494,2024-06-27,Germany,Standard
495,2024-06-19,India,Standard
496,2024-04-10,UK,Standard
497,2024-01-12,USA,Premium
498,2024-03-07,UK,Standard
499,2024-03-05,India,Free
500,2024-06-09,UK,Standard
501,2024-06-16,UK,Free
502,2024-03-14,India,Standard
503,2024-02-12,India,Free
504,2024-02-13,UK,Free
505,2024-01-29,Germany,Free
506,2024-05-20,India,Free
507,2024-01-12,Canada,Free
508,2024-04-04,Germany,Free
509,2024-02-15,UK,Free
510,2024-05-09,Germany,Free
511,2024-02-04,UK,Standard
512,2024-03-21,USA,Free
513,2024-03-30,India,Free
514,2024-01-08,India,Standard
515,2024-04-02,Canada,Free
516,2024-06-02,Canada,Free
517,2024-03-30,India,Premium
518,2024-06-10,UK,Premium
519,2024-04-24,Canada,Free
520,2024-04-14,USA,Free
521,2024-05-14,USA,Premium
522,2024-02-27,USA,Standard
523,2024-04-23,India,Free
524,2024-03-15,India,Standard
525,2024-06-05,India,Free
526,2024-04-29,India,Free
527,2024-06-12,USA,Free
528,2024-01-21,USA,Standard
529,2024-06-12,India,Free
530,2024-05-17,UK,Standard
531,2024-04-10,India,Free
532,2024-05-31,Germany,Free
533,2024-06-25,Germany,Free
534,2024-04-08,India,Standard
535,2024-02-05,USA,Free
536,2024-04-05,India,Free
537,2024-05-31,USA,Premium
538,2024-05-30,Canada,Free
539,2024-02-06,India,Premium
540,2024-01-12,USA,Free
541,2024-04-22,India,Standard
542,2024-01-13,India,Free
543,2024-01-23,Canada,Premium
544,2024-04-08,India,Free
545,2024-04-14,USA,Free
546,2024-01-30,USA,Free
547,2024-01-17,Germany,Free
548,2024-04-22,India,Free
549,2024-03-02,USA,Premium
550,2024-03-24,Canada,Free
551,2024-04-21,USA,Standard
552,2024-03-26,Germany,Standard
553,2024-05-20,Canada,Standard
554,2024-01-19,Canada,Free
555,2024-06-25,UK,Free
556,2024-04-09,Germany,Standard
557,2024-05-19,Germany,Premium
558,2024-05-26,Canada,Free
559,2024-03-16,Canada,Free
560,2024-01-09,India,Free
561,2024-01-28,India,Premium
562,2024-05-07,USA,Free
563,2024-02-21,India,Free
564,2024-03-23,USA,Premium
565,2024-04-20,India,Free
566,2024-05-23,India,Free
567,2024-04-26,UK,Standard
568,2024-03-09,Germany,Premium
569,2024-04-08,India,Free
570,2024-05-19,USA,Free
571,2024-01-25,UK,Free
572,2024-06-28,India,Free
573,2024-05-02,UK,Standard
574,2024-02-22,USA,Free
575,2024-05-30,India,Free
576,2024-05-23,Germany,Free
577,2024-02-26,India,Free
578,2024-02-08,Canada,Free
579,2024-04-18,UK,Premium
580,2024-06-29,India,Free
581,2024-02-11,Canada,Standard
582,2024-06-15,Germany,Standard
583,2024-05-21,India,Free
584,2024-05-01,UK,Free
585,2024-05-12,USA,Free
586,2024-06-11,Canada,Free
587,2024-03-15,Canada,Free
588,2024-05-25,India,Free
589,2024-03-16,Germany,Free
590,2024-01-09,Germany,Standard
591,2024-03-14,Canada,Free
592,2024-05-24,UK,Standard
593,2024-01-07,Canada,Free
594,2024-06-22,USA,Premium
595,2024-05-20,Canada,Free
596,2024-06-16,USA,Free
597,2024-06-18,USA,Standard
598,2024-05-16,UK,Free
599,2024-06-26,USA,Free
600,2024-01-27,India,Premium
601,2024-05-01,India,Free
602,2024-01-05,USA,Free
603,2024-01-29,Canada,Standard
604,2024-06-13,USA,Premium
605,2024-06-14,Canada,Standard
606,2024-03-23,USA,Free
607,2024-05-15,Canada,Standard
608,2024-04-18,India,Free
609,2024-03-05,USA,Standard
610,2024-03-26,Canada,Premium
611,2024-05-24,UK,Standard
612,2024-03-11,USA,Premium
613,2024-02-14,India,Free
614,2024-05-11,India,Standard
615,2024-02-05,India,Standard
616,2024-03-10,Canada,Free
617,2024-06-07,India,Premium
618,2024-01-19,USA,Free
619,2024-04-17,USA,Standard
620,2024-06-30,India,Standard
621,2024-06-15,USA,Standard
622,2024-03-31,India,Free
623,2024-03-30,USA,Free
624,2024-01-19,India,Free
625,2024-02-08,UK,Premium
626,2024-05-05,India,Free
627,2024-06-21,Germany,Free
628,2024-05-20,USA,Standard
629,2024-05-05,UK,Free
630,2024-02-27,Canada,Standard
631,2024-05-27,Canada,Standard
632,2024-03-01,UK,Premium
633,2024-05-06,USA,Free
634,2024-04-14,USA,Free
635,2024-06-15,USA,Free
636,2024-01-01,USA,Free
637,2024-05-10,India,Free
638,2024-04-01,USA,Free
639,2024-04-22,Canada,Standard
640,2024-06-01,USA,Standard
641,2024-02-25,UK,Free
642,2024-06-09,Canada,Standard
643,2024-06-14,Germany,Premium
644,2024-04-26,India,Standard
645,2024-05-13,USA,Standard
646,2024-02-27,USA,Free
647,2024-02-13,USA,Free
648,2024-06-21,UK,Free
649,2024-06-08,India,Free
650,2024-06-21,UK,Premium
651,2024-03-01,USA,Standard
652,2024-02-16,Canada,Free
653,2024-05-28,Canada,Free
654,2024-03-20,USA,Standard
655,2024-04-27,USA,Free
656,2024-06-12,USA,Free
657,2024-05-26,India,Premium
658,2024-01-20,USA,Free
659,2024-05-25,India,Free
660,2024-02-16,USA,Free
661,2024-02-18,USA,Premium
662,2024-01-14,USA,Free
663,2024-05-22,Canada,Free
664,2024-06-07,India,Free
665,2024-01-01,Canada,Free
666,2024-04-26,India,Free
667,2024-02-23,USA,Standard
668,2024-04-27,UK,Free
669,2024-01-03,India,Premium
670,2024-05-23,USA,Free
671,2024-01-12,USA,Free
672,2024-03-14,USA,Free
673,2024-01-16,India,Free
674,2024-04-11,India,Free
675,2024-05-31,UK,Free
676,2024-06-04,USA,Free
677,2024-04-26,India,Standard
678,2024-01-08,USA,Free
679,2024-05-01,Canada,Standard
680,2024-04-01,India,Premium
681,2024-06-12,USA,Free
682,2024-03-30,USA,Free
683,2024-05-15,Germany,Free
684,2024-02-29,India,Free
685,2024-06-26,USA,Free
686,2024-01-28,USA,Standard
687,2024-04-10,Canada,Free
688,2024-02-10,USA,Free
689,2024-06-03,USA,Standard
690,2024-05-24,UK,Free
691,2024-06-09,Canada,Standard
692,2024-06-05,USA,Free
693,2024-05-20,UK,Free
694,2024-02-15,USA,Free
695,2024-02-04,USA,Free
696,2024-05-13,India,Premium
697,2024-03-22,Germany,Free
698,2024-04-24,India,Premium
699,2024-02-16,India,Free
700,2024-06-01,India,Free
701,2024-01-10,Canada,Free
702,2024-02-25,India,Free
703,2024-01-30,India,Premium
704,2024-04-18,India,Free
705,2024-01-05,India,Free
706,2024-04-28,USA,Free
707,2024-02-02,Canada,Free
708,2024-04-27,USA,Free
709,2024-03-05,USA,Free
710,2024-05-25,Canada,Standard
711,2024-06-25,India,Free
712,2024-01-11,India,Free
713,2024-03-25,Germany,Free
714,2024-01-26,USA,Free
715,2024-03-03,India,Premium
716,2024-03-26,USA,Free
717,2024-02-28,India,Free
718,2024-01-27,USA,Standard
719,2024-06-25,India,Free
720,2024-06-09,India,Free
721,2024-04-07,India,Premium
722,2024-04-14,Germany,Standard
723,2024-04-08,Canada,Premium
724,2024-05-08,India,Free
725,2024-05-28,India,Free
726,2024-02-24,Canada,Free
727,2024-01-06,India,Free
728,2024-04-04,India,Standard
729,2024-05-12,Germany,Free
730,2024-04-11,India,Standard
731,2024-01-03,Canada,Standard
732,2024-06-29,Germany,Free
733,2024-01-23,USA,Free
734,2024-02-22,India,Standard
735,2024-06-13,India,Free
736,2024-03-23,UK,Standard
737,2024-05-24,UK,Free
738,2024-03-25,UK,Free
739,2024-03-18,India,Free
740,2024-04-19,UK,Premium
741,2024-01-01,Germany,Free
742,2024-02-20,Canada,Standard
743,2024-06-21,Germany,Free
744,2024-01-04,UK,Standard
745,2024-04-22,Canada,Standard
746,2024-02-01,USA,Free
747,2024-02-03,India,Free
748,2024-04-01,India,Standard
749,2024-04-04,Canada,Free
750,2024-03-12,India,Standard
751,2024-02-08,UK,Free
752,2024-06-02,Germany,Premium
753,2024-06-10,UK,Standard
754,2024-06-30,India,Premium
755,2024-04-27,India,Free
756,2024-01-03,India,Free
757,2024-05-02,Canada,Free
758,2024-02-19,UK,Free
759,2024-01-12,Germany,Free
760,2024-02-23,USA,Free
761,2024-05-12,Germany,Standard
762,2024-02-26,UK,Free
763,2024-05-24,India,Free
764,2024-04-21,UK,Standard
765,2024-02-16,USA,Free
766,2024-05-30,India,Free
767,2024-03-25,Canada,Premium
768,2024-05-21,India,Premium
769,2024-03-06,Canada,Free
770,2024-03-15,Canada,Free
771,2024-06-27,USA,Standard
772,2024-04-12,USA,Free
773,2024-06-14,USA,Free
774,2024-02-07,USA,Free
775,2024-02-19,USA,Free
776,2024-04-07,USA,Free
777,2024-03-22,India,Free
778,2024-01-30,USA,Standard
779,2024-03-19,India,Premium
780,2024-03-31,Canada,Free
781,2024-06-27,UK,Standard
782,2024-02-21,USA,Premium
783,2024-06-14,USA,Free
784,2024-03-19,Germany,Free
785,2024-01-30,UK,Standard
786,2024-04-15,Germany,Free
787,2024-02-20,UK,Standard
788,2024-03-21,India,Free
789,2024-05-12,India,Premium
790,2024-01-29,USA,Free
791,2024-05-11,India,Free
792,2024-05-17,USA,Standard
793,2024-05-24,USA,Free
794,2024-03-14,USA,Free
795,2024-01-17,Canada,Free
796,2024-03-24,Canada,Free
797,2024-03-09,USA,Free
798,2024-02-03,UK,Premium
799,2024-01-06,USA,Free
800,2024-02-22,UK,Standard
801,2024-05-05,India,Standard
802,2024-02-12,Germany,Premium
803,2024-04-24,Canada,Free
804,2024-04-20,USA,Premium
805,2024-05-30,India,Free
806,2024-03-20,USA,Standard
807,2024-04-04,India,Standard
808,2024-04-27,India,Standard
809,2024-05-23,Canada,Free
810,2024-01-08,USA,Standard
811,2024-05-11,Canada,Free
812,2024-04-13,Germany,Standard
813,2024-05-11,USA,Premium
814,2024-01-25,USA,Free
815,2024-04-05,India,Premium
816,2024-06-03,Canada,Free
817,2024-04-02,USA,Free
818,2024-06-08,Germany,Free
819,2024-06-26,UK,Free
820,2024-03-01,USA,Standard
821,2024-05-01,India,Free
822,2024-02-20,UK,Free
823,2024-05-26,UK,Premium
824,2024-01-21,India,Standard
825,2024-01-05,India,Standard
826,2024-04-01,UK,Premium
827,2024-06-18,India,Standard
828,2024-03-01,Germany,Free
829,2024-01-22,USA,Free
830,2024-05-28,India,Standard
831,2024-03-10,UK,Free
832,2024-01-01,USA,Standard
833,2024-05-12,USA,Free
834,2024-01-12,India,Free
835,2024-03-30,India,Free
836,2024-02-15,Canada,Standard
837,2024-02-03,USA,Free
838,2024-06-25,USA,Standard
839,2024-03-18,UK,Free
840,2024-02-14,Canada,Free
841,2024-06-03,India,Premium
842,2024-03-13,USA,Standard
843,2024-01-26,Germany,Free
844,2024-02-16,UK,Standard
845,2024-04-30,USA,Free
846,2024-02-25,India,Free
847,2024-04-03,India,Free
848,2024-04-16,Canada,Standard
849,2024-03-03,UK,Standard
850,2024-02-17,Canada,Free
851,2024-03-01,UK,Premium
852,2024-03-21,UK,Free
853,2024-01-26,India,Free
854,2024-02-05,USA,Free
855,2024-01-01,India,Free
856,2024-01-08,India,Free
857,2024-04-22,UK,Free
858,2024-04-08,USA,Standard
859,2024-06-28,USA,Free
860,2024-02-16,India,Free
861,2024-05-06,India,Free
862,2024-02-25,India,Free
863,2024-01-14,India,Free
864,2024-01-28,Canada,Standard
865,2024-03-18,India,Free
866,2024-05-09,Canada,Standard
867,2024-04-18,India,Premium
868,2024-06-02,India,Free
869,2024-01-14,India,Standard
870,2024-02-25,USA,Free
871,2024-04-24,Canada,Standard
872,2024-01-07,USA,Free
873,2024-01-03,USA,Free
874,2024-04-20,Canada,Free
875,2024-05-30,India,Free
876,2024-04-16,India,Free
877,2024-01-18,UK,Free
878,2024-02-07,Canada,Free
879,2024-04-24,India,Premium
880,2024-01-15,Germany,Standard
881,2024-04-28,UK,Free
882,2024-01-28,India,Free
883,2024-02-08,Canada,Premium
884,2024-01-17,USA,Standard
885,2024-03-26,USA,Standard
886,2024-05-05,USA,Free
887,2024-02-13,India,Free
888,2024-01-25,Canada,Free
889,2024-05-24,USA,Free
890,2024-01-13,UK,Standard
891,2024-01-25,Canada,Standard
892,2024-03-08,India,Free
893,2024-05-17,Canada,Premium
894,2024-03-07,India,Free
895,2024-04-18,USA,Free
896,2024-05-25,Canada,Free
897,2024-04-20,India,Premium
898,2024-04-20,USA,Free
899,2024-02-03,India,Premium
900,2024-04-20,India,Standard
901,2024-01-08,USA,Free
902,2024-06-16,USA,Free
903,2024-04-22,Germany,Premium
904,2024-03-23,USA,Free
905,2024-02-11,India,Premium
906,2024-06-17,USA,Premium
907,2024-04-10,India,Free
908,2024-01-06,Germany,Free
909,2024-06-28,Canada,Premium
910,2024-01-26,UK,Standard
911,2024-03-04,India,Free
912,2024-02-28,USA,Free
913,2024-04-18,USA,Free
914,2024-04-30,UK,Premium
915,2024-02-02,India,Standard
916,2024-06-29,India,Standard
917,2024-05-29,Germany,Free
918,2024-01-21,USA,Free
919,2024-03-10,USA,Premium
920,2024-04-21,India,Free
921,2024-01-04,Germany,Free
922,2024-04-03,India,Free
923,2024-03-15,Canada,Standard
924,2024-03-02,UK,Premium
925,2024-04-03,India,Free
926,2024-04-04,Canada,Free
927,2024-05-31,India,Standard
928,2024-02-24,India,Premium
929,2024-05-16,UK,Free
930,2024-05-10,UK,Free
931,2024-01-31,Canada,Free
932,2024-02-09,USA,Premium
933,2024-02-05,India,Free
934,2024-05-31,India,Free
935,2024-01-06,India,Standard
936,2024-03-06,India,Standard
937,2024-03-15,India,Free
938,2024-01-04,USA,Premium
939,2024-03-19,India,Free
940,2024-05-13,India,Free
941,2024-04-27,USA,Free
942,2024-04-22,UK,Standard
943,2024-04-03,India,Free
944,2024-06-27,Germany,Premium
945,2024-03-02,UK,Standard
946,2024-03-19,India,Standard
947,2024-05-15,UK,Standard
948,2024-01-26,USA,Standard
949,2024-06-27,USA,Free
950,2024-06-21,USA,Free
951,2024-02-13,USA,Premium
952,2024-05-12,USA,Free
953,2024-03-10,USA,Standard
954,2024-06-02,Canada,Premium
955,2024-04-27,Canada,Free
956,2024-03-08,USA,Standard
957,2024-01-19,Canada,Free
958,2024-01-20,India,Free
959,2024-04-22,India,Free
960,2024-05-19,UK,Free
961,2024-02-16,India,Standard
962,2024-01-01,India,Standard
963,2024-03-30,India,Standard
964,2024-05-21,India,Free
965,2024-03-04,Germany,Free
966,2024-02-07,USA,Standard
967,2024-02-06,Germany,Free
968,2024-05-05,USA,Premium
969,2024-05-18,USA,Standard
970,2024-04-09,India,Standard
971,2024-03-17,Canada,Premium
972,2024-01-03,India,Free
973,2024-06-09,UK,Standard
974,2024-05-13,UK,Free
975,2024-06-26,India,Premium
976,2024-01-10,Germany,Free
977,2024-01-05,UK,Standard
978,2024-05-30,Canada,Premium
979,2024-05-17,India,Free
980,2024-06-20,USA,Free
981,2024-05-09,USA,Standard
982,2024-01-13,India,Free
983,2024-06-16,India,Free
984,2024-05-09,UK,Free
985,2024-03-24,India,Free
986,2024-03-05,USA,Premium
987,2024-03-03,Germany,Free
988,2024-04-10,UK,Free
989,2024-03-13,India,Free
990,2024-01-17,UK,Free
991,2024-01-09,India,Free
992,2024-05-22,India,Free
993,2024-05-31,Canada,Free
994,2024-02-07,USA,Free
995,2024-06-11,USA,Standard
996,2024-04-03,USA,Free
997,2024-04-04,India,Standard
998,2024-02-18,India,Free
999,2024-03-09,USA,Free
1000,2024-03-02,UK,Standard
